-- MySQL Administrator dump 1.4
--
-- ------------------------------------------------------
-- Server version	5.1.37


/*!40101 SET @OLD_CHARACTER_SET_CLIENT=@@CHARACTER_SET_CLIENT */;
/*!40101 SET @OLD_CHARACTER_SET_RESULTS=@@CHARACTER_SET_RESULTS */;
/*!40101 SET @OLD_COLLATION_CONNECTION=@@COLLATION_CONNECTION */;
/*!40101 SET NAMES utf8 */;

/*!40014 SET @OLD_UNIQUE_CHECKS=@@UNIQUE_CHECKS, UNIQUE_CHECKS=0 */;
/*!40014 SET @OLD_FOREIGN_KEY_CHECKS=@@FOREIGN_KEY_CHECKS, FOREIGN_KEY_CHECKS=0 */;
/*!40101 SET @OLD_SQL_MODE=@@SQL_MODE, SQL_MODE='NO_AUTO_VALUE_ON_ZERO' */;


--
-- Create schema frais
--

CREATE DATABASE IF NOT EXISTS frais;
USE frais;

--
-- Definition of table `ebene`
--

DROP TABLE IF EXISTS `ebene`;
CREATE TABLE `ebene` (
  `ebene_id` int(10) unsigned NOT NULL AUTO_INCREMENT,
  `haus_id` int(10) unsigned NOT NULL,
  `projekt_id` int(10) unsigned NOT NULL,
  `stockwerk` int(10) unsigned NOT NULL,
  `beschreibung` varchar(100) CHARACTER SET latin1 COLLATE latin1_bin DEFAULT NULL,
  `grafik_pfad` varchar(100) CHARACTER SET latin1 COLLATE latin1_bin DEFAULT NULL,
  `grafik_breite` int(10) DEFAULT NULL,
  `grafik_hoehe` int(10) DEFAULT NULL,
  `grafik_massstab` int(10) DEFAULT NULL,
  `grafik_referenz_x` int(10) DEFAULT NULL,
  `grafik_referenz_y` int(10) DEFAULT NULL,
  PRIMARY KEY (`ebene_id`),
  KEY `haus_FK` (`haus_id`),
  KEY `projekt_FK` (`projekt_id`),
  CONSTRAINT `ebene_haus_FK` FOREIGN KEY (`haus_id`) REFERENCES `haus` (`haus_id`) ON DELETE CASCADE ON UPDATE CASCADE,
  CONSTRAINT `ebene_projekt_FK` FOREIGN KEY (`projekt_id`) REFERENCES `projekt` (`projekt_id`) ON DELETE CASCADE ON UPDATE CASCADE
) ENGINE=InnoDB AUTO_INCREMENT=23 DEFAULT CHARSET=latin1;

--
-- Dumping data for table `ebene`
--

/*!40000 ALTER TABLE `ebene` DISABLE KEYS */;
INSERT INTO `ebene` (`ebene_id`,`haus_id`,`projekt_id`,`stockwerk`,`beschreibung`,`grafik_pfad`,`grafik_breite`,`grafik_hoehe`,`grafik_massstab`,`grafik_referenz_x`,`grafik_referenz_y`) VALUES 
 (10,4,3,1,0x45726467657363686F7373,0x6772756E64726973735F736368756C652E6A7067,2307,1192,1,0,0),
 (11,4,3,2,0x45746167652031,0x6772756E64726973735F736368756C652E6A7067,2307,1192,1,0,0),
 (12,4,3,3,0x45746167652032,0x6772756E64726973735F736368756C652E6A7067,2307,1192,1,0,0),
 (13,5,3,1,0x45726467657363686F7373,0x6772756E64726973735F736368756C652E6A7067,2307,1192,1,1000,1000),
 (14,5,3,2,0x45746167652031,0x6772756E64726973735F736368756C652E6A7067,2307,1192,1,1000,1000),
 (15,5,3,3,0x45746167652032,0x6772756E64726973735F736368756C652E6A7067,2307,1192,1,1000,1000);
/*!40000 ALTER TABLE `ebene` ENABLE KEYS */;


--
-- Definition of table `grundriss`
--

DROP TABLE IF EXISTS `grundriss`;
CREATE TABLE `grundriss` (
  `grundriss_id` int(10) unsigned NOT NULL AUTO_INCREMENT,
  `ebene_id` int(10) unsigned NOT NULL,
  `haus_id` int(10) unsigned NOT NULL,
  `projekt_id` int(10) unsigned NOT NULL,
  `art` varchar(2) CHARACTER SET latin1 COLLATE latin1_bin NOT NULL,
  `beschreibung` varchar(100) CHARACTER SET latin1 COLLATE latin1_bin DEFAULT NULL,
  `geom` geometry NOT NULL,
  PRIMARY KEY (`grundriss_id`),
  KEY `ebene_FK` (`ebene_id`),
  KEY `haus_FK` (`haus_id`),
  KEY `projekt_FK` (`projekt_id`),
  CONSTRAINT `grundriss_ebene_FK` FOREIGN KEY (`ebene_id`) REFERENCES `ebene` (`ebene_id`) ON DELETE CASCADE ON UPDATE CASCADE,
  CONSTRAINT `grundriss_haus_FK` FOREIGN KEY (`haus_id`) REFERENCES `haus` (`haus_id`) ON DELETE CASCADE ON UPDATE CASCADE,
  CONSTRAINT `grundriss_projekt_FK` FOREIGN KEY (`projekt_id`) REFERENCES `projekt` (`projekt_id`) ON DELETE CASCADE ON UPDATE CASCADE
) ENGINE=InnoDB AUTO_INCREMENT=143 DEFAULT CHARSET=latin1;

--
-- Dumping data for table `grundriss`
--

/*!40000 ALTER TABLE `grundriss` DISABLE KEYS */;
INSERT INTO `grundriss` (`grundriss_id`,`ebene_id`,`haus_id`,`projekt_id`,`art`,`beschreibung`,`geom`) VALUES 
 (12,10,4,3,'',NULL,0x00000000010300000001000000170000000000000000003D4000000000004884400000000000805B4000000000004884400000000000005C4000000000002081400000000000E07A4000000000003881400000000000E07A400000000000B8854000000000002494400000000000D08540000000000030944000000000007C90400000000000E4964000000000007490400000000000F096400000000000488D400000000000A09A400000000000308D400000000000A09A400000000000508B400000000000CCA1400000000000688B400000000000D2A1400000000000D882400000000000B89A400000000000C082400000000000B89A4000000000007883400000000000F0964000000000006083400000000000F096400000000000D0734000000000003C94400000000000D073400000000000CC924000000000001070400000000000E07A400000000000C06F400000000000E07A400000000000D077400000000000003A400000000000D077400000000000003D400000000000488440),
 (13,10,4,3,'',NULL,0x000000000102000000040000000000000000E07A4000000000003881400000000000E07A400000000000C07F4000000000003094400000000000907F4000000000002494400000000000B88540),
 (14,10,4,3,'',NULL,0x000000000102000000020000000000000000B885400000000000D085400000000000B885400000000000C07F40),
 (15,10,4,3,'',NULL,0x0000000001020000000200000000000000002090400000000000D0854000000000002090400000000000C07F40),
 (16,10,4,3,'',NULL,0x0000000001020000000400000000000000003C94400000000000D0734000000000003C94400000000000807A400000000000107B400000000000507A400000000000107B400000000000D07740),
 (17,10,4,3,'',NULL,0x000000000102000000040000000000000000F096400000000000488D400000000000F0964000000000001886400000000000AC9A4000000000001886400000000000A09A400000000000388B40),
 (18,10,4,3,'',NULL,0x000000000102000000060000000000000000FC9B400000000000508B400000000000089C400000000000B885400000000000249F400000000000B885400000000000249F400000000000E08940000000000010A0400000000000E0894000000000000AA0400000000000388B40),
 (19,10,4,3,'',NULL,0x000000000102000000020000000000000000005C400000000000D077400000000000005C400000000000208140),
 (20,10,4,3,'',NULL,0x000000000102000000020000000000000000003A400000000000007F400000000000005C400000000000007F40),
 (21,10,4,3,'',NULL,0x0000000001020000000200000000000000006CA0400000000000388B40000000000072A0400000000000C08240),
 (22,10,4,3,'',NULL,0x0000000001020000000400000000000000002494400000000000D08E4000000000001496400000000000D08E4000000000001496400000000000D0854000000000002494400000000000D08540),
 (23,10,4,3,'',NULL,0x000000000102000000020000000000000000249440000000000068884000000000001496400000000000688840),
 (24,10,4,3,'',NULL,0x0000000001020000000200000000000000003094400000000000788C4000000000000896400000000000788C40),
 (88,10,4,3,'',NULL,0x000000000102000000020000000000000000E885400000000000507A400000000000E885400000000000C06F40),
 (89,10,4,3,'',NULL,0x0000000001020000000200000000000000001490400000000000B07A4000000000001490400000000000C06F40),
 (90,11,4,3,'',NULL,0x0000000001030000000100000017000000000000000030944000000000007490400000000000E4964000000000007490400000000000E496400000000000608D400000000000A09A400000000000788D400000000000A09A400000000000908B400000000000C6A1400000000000688B400000000000C6A1400000000000F082400000000000B89A400000000000C082400000000000AC9A4000000000004883400000000000E4964000000000004883400000000000D896400000000000907440000000000054944000000000009074400000000000D4924000000000009070400000000000107B4000000000006070400000000000107B400000000000A0774000000000008041400000000000A07740000000000000404000000000003084400000000000C05C4000000000003084400000000000805D4000000000002081400000000000107B4000000000002081400000000000107B400000000000A0854000000000003094400000000000B8854000000000003094400000000000749040),
 (91,11,4,3,'',NULL,0x000000000102000000020000000000000000B09E400000000000808B400000000000B09E400000000000C08240),
 (92,11,4,3,'',NULL,0x0000000001020000000400000000000000003094400000000000B8854000000000003094400000000000607F400000000000B885400000000000007F400000000000B885400000000000B88540),
 (93,11,4,3,'',NULL,0x000000000102000000040000000000000000E496400000000000608D400000000000E496400000000000C887400000000000AC9A400000000000C887400000000000A09A400000000000908B40),
 (94,11,4,3,'',NULL,0x000000000102000000020000000000000000D08E400000000000B885400000000000D08E400000000000607F40),
 (95,11,4,3,'',NULL,0x000000000102000000040000000000000000B885400000000000C070400000000000B885400000000000207A4000000000003C94400000000000807A4000000000003C94400000000000907440),
 (96,11,4,3,'',NULL,0x000000000102000000030000000000000000FC9B400000000000A88B400000000000089C4000000000000086400000000000B09E400000000000008640),
 (97,11,4,3,'',NULL,0x0000000001020000000200000000000000002494400000000000608D400000000000E496400000000000608D40),
 (98,11,4,3,'',NULL,0x000000000102000000020000000000000000405E4000000000007077400000000000805D400000000000208140),
 (99,12,4,3,'',NULL,0x0000000001030000000100000017000000000000000030944000000000007C90400000000000E4964000000000007490400000000000E496400000000000788D400000000000AC9A400000000000788D400000000000AC9A400000000000808B400000000000C6A1400000000000508B400000000000CCA1400000000000C082400000000000AC9A400000000000A882400000000000AC9A4000000000007883400000000000E4964000000000006083400000000000E496400000000000307440000000000048944000000000006074400000000000C0924000000000004070400000000000107B4000000000001070400000000000107B40000000000070774000000000000034400000000000D07740000000000000374000000000007884400000000000C05C4000000000007884400000000000C05C4000000000003881400000000000E07A4000000000002081400000000000E07A400000000000E8854000000000003094400000000000D08540000000000030944000000000007C9040),
 (100,12,4,3,'',NULL,0x0000000001020000000400000000000000000C9040000000000000864000000000000C90400000000000607F400000000000107B400000000000007F400000000000E07A400000000000208140),
 (101,12,4,3,'',NULL,0x000000000102000000020000000000000000D0864000000000000086400000000000E086400000000000907F40),
 (102,12,4,3,'',NULL,0x000000000102000000040000000000000000149040000000000040704000000000001490400000000000807A400000000000107B400000000000807A400000000000307B400000000000707740),
 (103,12,4,3,'',NULL,0x000000000102000000030000000000000000E496400000000000788D400000000000F096400000000000C8884000000000003094400000000000C88840),
 (104,12,4,3,'',NULL,0x000000000102000000040000000000000000F096400000000000C888400000000000F0964000000000004086400000000000A09A4000000000004086400000000000AC9A400000000000688B40),
 (105,12,4,3,'',NULL,0x000000000102000000030000000000000000089C400000000000688B400000000000089C400000000000D085400000000000C6A1400000000000D08540),
 (106,12,4,3,'',NULL,0x000000000102000000020000000000000000989F400000000000808B400000000000989F400000000000D08540),
 (107,12,4,3,'',NULL,0x000000000102000000020000000000000000D086400000000000E07A400000000000D086400000000000607040),
 (108,13,5,3,'',NULL,0x000000000103000000010000000C000000000000000078964000000000007C9A400000000000DCA1400000000000949A400000000000E8A140000000000014A040000000000026A54000000000000EA040000000000026A54000000000003C9D400000000000B2A7400000000000549D400000000000B2A74000000000000C9940000000000042A3400000000000009940000000000048A3400000000000A49340000000000098984000000000008C934000000000006C96400000000000C49440000000000078964000000000007C9A40),
 (109,13,5,3,'',NULL,0x00000000010200000003000000000000000078964000000000007897400000000000DCA14000000000006C97400000000000E2A1400000000000889A40),
 (110,13,5,3,'',NULL,0x0000000001020000000200000000000000007C9A4000000000009097400000000000889A400000000000709A40),
 (111,13,5,3,'',NULL,0x0000000001020000000200000000000000002C9F40000000000060974000000000002C9F400000000000889A40),
 (112,13,5,3,'',NULL,0x00000000010200000003000000000000000042A34000000000000EA040000000000042A34000000000003C9D40000000000026A54000000000003C9D40),
 (113,13,5,3,'',NULL,0x000000000102000000020000000000000000D4A5400000000000549D400000000000D4A5400000000000009940),
 (114,14,5,3,'',NULL,0x000000000103000000010000000B000000000000000064964000000000007C9A4000000000006496400000000000A49340000000000048A340000000000098934000000000004EA340000000000000994000000000003CA84000000000000C9940000000000042A84000000000003C9D40000000000020A5400000000000549D40000000000020A540000000000014A0400000000000E8A140000000000014A0400000000000E8A1400000000000889A40000000000064964000000000007C9A40),
 (115,14,5,3,'',NULL,0x0000000001020000000300000000000000006C964000000000008497400000000000EEA14000000000008497400000000000E8A1400000000000889A40),
 (116,14,5,3,'',NULL,0x0000000001020000000200000000000000008899400000000000989740000000000080994000000000007C9A40),
 (117,14,5,3,'',NULL,0x000000000102000000020000000000000000849C4000000000009097400000000000849C4000000000007C9A40),
 (118,14,5,3,'',NULL,0x00000000010200000004000000000000000042A34000000000000EA040000000000048A3400000000000AC9A40000000000020A5400000000000AC9A40000000000020A5400000000000549D40),
 (119,14,5,3,'',NULL,0x00000000010200000002000000000000000042A8400000000000AC9A40000000000020A5400000000000AC9A40),
 (120,14,5,3,'',NULL,0x00000000010200000002000000000000000098A6400000000000489D4000000000009EA6400000000000AC9A40),
 (121,14,5,3,'',NULL,0x0000000001020000000200000000000000006496400000000000289640000000000048A3400000000000409640),
 (122,14,5,3,'',NULL,0x000000000102000000020000000000000000789B4000000000003496400000000000789B400000000000989340),
 (123,14,5,3,'',NULL,0x0000000001020000000200000000000000008EA040000000000034964000000000008EA04000000000008C9340),
 (124,15,5,3,'',NULL,0x000000000103000000010000000B000000000000000064964000000000007C9A400000000000589640000000000098934000000000004EA3400000000000989340000000000054A3400000000000F498400000000000D4A7400000000000F498400000000000CEA7400000000000489D4000000000002CA5400000000000549D4000000000002CA540000000000004A0400000000000E8A14000000000000EA0400000000000E8A1400000000000889A40000000000064964000000000007C9A40),
 (125,15,5,3,'',NULL,0x00000000010200000003000000000000000058964000000000009097400000000000C09F4000000000008497400000000000C09F400000000000949A40),
 (126,15,5,3,'',NULL,0x00000000010200000003000000000000000064964000000000004096400000000000C09F4000000000003496400000000000C09F4000000000008C9340),
 (127,15,5,3,'',NULL,0x000000000102000000030000000000000000C8A0400000000000B093400000000000C2A0400000000000F49840000000000054A3400000000000F49840),
 (128,15,5,3,'',NULL,0x0000000001020000000300000000000000004EA34000000000000AA04000000000004EA3400000000000549D4000000000002CA5400000000000549D40),
 (129,15,5,3,'',NULL,0x000000000102000000020000000000000000DEA5400000000000549D400000000000CEA54000000000000C9940),
 (130,15,5,3,'',NULL,0x000000000102000000020000000000000000DEA5400000000000349B400000000000D4A7400000000000289B40),
 (131,15,5,3,'',NULL,0x000000000102000000020000000000000000289B4000000000009897400000000000349B400000000000889A40),
 (132,15,5,3,'',NULL,0x000000000102000000020000000000000000109B4000000000008C93400000000000109B400000000000349640);
/*!40000 ALTER TABLE `grundriss` ENABLE KEYS */;


--
-- Definition of table `haus`
--

DROP TABLE IF EXISTS `haus`;
CREATE TABLE `haus` (
  `haus_id` int(10) unsigned NOT NULL AUTO_INCREMENT,
  `projekt_id` int(10) unsigned NOT NULL,
  `beschreibung` varchar(100) CHARACTER SET latin1 COLLATE latin1_bin DEFAULT NULL,
  PRIMARY KEY (`haus_id`),
  KEY `projekt_FK` (`projekt_id`),
  CONSTRAINT `haus_projekt_FK` FOREIGN KEY (`projekt_id`) REFERENCES `projekt` (`projekt_id`) ON DELETE CASCADE ON UPDATE CASCADE
) ENGINE=InnoDB AUTO_INCREMENT=14 DEFAULT CHARSET=latin1;

--
-- Dumping data for table `haus`
--

/*!40000 ALTER TABLE `haus` DISABLE KEYS */;
INSERT INTO `haus` (`haus_id`,`projekt_id`,`beschreibung`) VALUES 
 (4,3,0x486175732031),
 (5,3,0x486175732032);
/*!40000 ALTER TABLE `haus` ENABLE KEYS */;


--
-- Definition of table `nachbarpunkt`
--

DROP TABLE IF EXISTS `nachbarpunkt`;
CREATE TABLE `nachbarpunkt` (
  `wp1_id` int(10) unsigned NOT NULL,
  `wp2_id` int(10) unsigned NOT NULL,
  PRIMARY KEY (`wp1_id`,`wp2_id`),
  KEY `WP_FK1` (`wp1_id`),
  KEY `WP_FK2` (`wp2_id`),
  CONSTRAINT `WP_FK1` FOREIGN KEY (`wp1_id`) REFERENCES `wegpunkt` (`wp_id`) ON DELETE CASCADE ON UPDATE CASCADE,
  CONSTRAINT `WP_FK2` FOREIGN KEY (`wp2_id`) REFERENCES `wegpunkt` (`wp_id`) ON DELETE CASCADE ON UPDATE CASCADE
) ENGINE=InnoDB DEFAULT CHARSET=latin1;

--
-- Dumping data for table `nachbarpunkt`
--

/*!40000 ALTER TABLE `nachbarpunkt` DISABLE KEYS */;
INSERT INTO `nachbarpunkt` (`wp1_id`,`wp2_id`) VALUES 
 (54,55),
 (55,61),
 (56,55),
 (56,57),
 (58,57),
 (59,58),
 (60,61),
 (64,61),
 (65,60),
 (87,57),
 (88,58),
 (89,88),
 (90,56),
 (90,57),
 (90,91),
 (92,91),
 (92,134),
 (93,60),
 (94,60),
 (95,94),
 (96,94),
 (97,61),
 (98,94),
 (99,94),
 (100,88),
 (101,59),
 (102,101),
 (102,104),
 (103,111),
 (105,104),
 (106,104),
 (106,107),
 (106,108),
 (107,109),
 (109,110),
 (111,102),
 (111,112),
 (113,109),
 (114,109),
 (114,115),
 (116,114),
 (117,101),
 (118,117),
 (118,119),
 (118,123),
 (120,119),
 (121,120),
 (122,119),
 (124,123),
 (125,123),
 (126,125),
 (127,126),
 (127,128),
 (129,127),
 (130,128),
 (131,128),
 (132,127),
 (133,125),
 (135,134),
 (135,136),
 (136,137),
 (138,135),
 (139,136),
 (140,137),
 (141,137),
 (141,142),
 (143,142),
 (144,143),
 (145,143),
 (147,142),
 (147,148),
 (149,150),
 (150,148),
 (150,151),
 (152,151),
 (152,153),
 (154,151),
 (155,154),
 (156,154),
 (156,157),
 (156,160),
 (158,157),
 (158,159),
 (161,157),
 (162,158),
 (163,159),
 (164,159),
 (165,153),
 (166,152),
 (167,148),
 (167,168),
 (168,169),
 (170,169),
 (171,169),
 (172,169),
 (173,174),
 (174,168),
 (175,174),
 (175,176),
 (177,176),
 (177,178),
 (179,177),
 (180,177),
 (181,178),
 (182,178);
/*!40000 ALTER TABLE `nachbarpunkt` ENABLE KEYS */;


--
-- Definition of table `projekt`
--

DROP TABLE IF EXISTS `projekt`;
CREATE TABLE `projekt` (
  `projekt_id` int(10) unsigned NOT NULL AUTO_INCREMENT,
  `name` varchar(50) CHARACTER SET latin1 COLLATE latin1_bin NOT NULL,
  PRIMARY KEY (`projekt_id`)
) ENGINE=InnoDB AUTO_INCREMENT=14 DEFAULT CHARSET=latin1;

--
-- Dumping data for table `projekt`
--

/*!40000 ALTER TABLE `projekt` DISABLE KEYS */;
INSERT INTO `projekt` (`projekt_id`,`name`) VALUES 
 (3,0x536368756C65);
/*!40000 ALTER TABLE `projekt` ENABLE KEYS */;


--
-- Definition of table `wegpunkt`
--

DROP TABLE IF EXISTS `wegpunkt`;
CREATE TABLE `wegpunkt` (
  `wp_id` int(10) unsigned NOT NULL,
  `haus_id` int(10) unsigned NOT NULL,
  `ebene_id` int(10) unsigned NOT NULL,
  `projekt_id` int(10) unsigned NOT NULL,
  `X` int(10) unsigned NOT NULL,
  `Y` int(10) unsigned NOT NULL,
  `bezeichnung` varchar(100) CHARACTER SET latin1 COLLATE latin1_bin DEFAULT NULL,
  `art` varchar(2) CHARACTER SET latin1 COLLATE latin1_bin NOT NULL,
  `ziel` tinyint(1) NOT NULL DEFAULT '0',
  PRIMARY KEY (`wp_id`),
  KEY `haus_FK` (`haus_id`),
  KEY `ebene_FK` (`ebene_id`),
  KEY `projekt_FK` (`projekt_id`),
  CONSTRAINT `wegpunkt_ebene_FK` FOREIGN KEY (`ebene_id`) REFERENCES `ebene` (`ebene_id`) ON DELETE CASCADE ON UPDATE CASCADE,
  CONSTRAINT `wegpunkt_haus_FK` FOREIGN KEY (`haus_id`) REFERENCES `haus` (`haus_id`) ON DELETE CASCADE ON UPDATE CASCADE,
  CONSTRAINT `wegpunkt_projekt_FK` FOREIGN KEY (`projekt_id`) REFERENCES `projekt` (`projekt_id`) ON DELETE CASCADE ON UPDATE CASCADE
) ENGINE=InnoDB DEFAULT CHARSET=latin1;

--
-- Dumping data for table `wegpunkt`
--

/*!40000 ALTER TABLE `wegpunkt` DISABLE KEYS */;
INSERT INTO `wegpunkt` (`wp_id`,`haus_id`,`ebene_id`,`projekt_id`,`X`,`Y`,`bezeichnung`,`art`,`ziel`) VALUES 
 (54,4,10,3,1383,326,0x45696E67616E6720486175732031,0x5750,1),
 (55,4,10,3,1376,473,'',0x5750,0),
 (56,4,10,3,1381,649,'',0x5750,0),
 (57,4,10,3,1647,657,'',0x5750,0),
 (58,4,10,3,1756,660,'',0x5750,0),
 (59,4,10,3,1759,813,'',0x5452,0),
 (60,4,10,3,972,467,'',0x5750,0),
 (61,4,10,3,1205,467,'',0x5750,0),
 (64,4,10,3,1208,634,0x5261756D2031,0x5750,1),
 (65,4,10,3,972,637,0x5261756D2032,0x5750,1),
 (87,4,10,3,1650,845,0x5261756D2033,0x5750,1),
 (88,4,10,3,1892,655,'',0x5750,0),
 (89,4,10,3,1889,802,0x4BC383C2BC636865,0x5750,1),
 (90,4,10,3,1442,669,'',0x5750,0),
 (91,4,10,3,1439,989,'',0x5750,0),
 (92,4,10,3,1377,1045,0x48696E74657265696E67616E6720486175732031,0x5750,1),
 (93,4,10,3,972,320,0x5261756D2034,0x5750,1),
 (94,4,10,3,597,461,'',0x5750,0),
 (95,4,10,3,591,326,0x417566656E7468616C74737261756D2031,0x5750,1),
 (96,4,10,3,600,614,0x486175736D6569737465722042C383C2BC726F,0x5750,1),
 (97,4,10,3,1200,326,0x417566656E7468616C74737261756D2032,0x5750,1),
 (98,4,10,3,66,438,0x546F696C657474652048657272656E,0x5750,1),
 (99,4,10,3,66,525,0x546F696C657474652044616D656E,0x5750,1),
 (100,4,10,3,2197,663,0x57697274736368616674737261756D,0x5750,1),
 (101,4,11,3,1753,831,'',0x5452,0),
 (102,4,11,3,1753,652,'',0x5750,0),
 (103,4,11,3,2120,657,0x4D7573696B7261756D,0x5750,1),
 (104,4,11,3,1580,655,'',0x5750,0),
 (105,4,11,3,1586,862,0x5261756D2035,0x5750,1),
 (106,4,11,3,1384,652,'',0x5750,0),
 (107,4,11,3,1381,467,'',0x5750,0),
 (108,4,11,3,1384,1006,'',0x5750,0),
 (109,4,11,3,1168,467,'',0x5750,0),
 (110,4,11,3,1168,626,0x5261756D2036,0x5750,1),
 (111,4,11,3,1880,649,'',0x5750,0),
 (112,4,11,3,1877,790,0x53656B726574C383C2A472696174,0x5750,1),
 (113,4,11,3,1168,329,0x4B756E73747261756D,0x5750,1),
 (114,4,11,3,854,461,'',0x5750,0),
 (115,4,11,3,854,606,0x5261756D2037,0x5750,1),
 (116,4,11,3,75,459,0x546F696C6C6574656E2045746167652031,0x5750,1),
 (117,4,12,3,1756,813,'',0x5452,0),
 (118,4,12,3,1756,649,'',0x5750,0),
 (119,4,12,3,1886,649,'',0x5750,0),
 (120,4,12,3,2171,646,'',0x5750,0),
 (121,4,12,3,2171,790,0x5261756D2039,0x5750,1),
 (122,4,12,3,1886,802,0x5261756D2038,0x5750,1),
 (123,4,12,3,1589,669,'',0x5750,0),
 (124,4,12,3,1592,831,0x436F6D70757465726C61626F72,0x5750,1),
 (125,4,12,3,1381,669,'',0x5750,0),
 (126,4,12,3,1376,470,'',0x5750,0),
 (127,4,12,3,868,459,'',0x5750,0),
 (128,4,12,3,588,456,'',0x5750,0),
 (129,4,12,3,871,591,0x5261756D203130,0x5750,1),
 (130,4,12,3,594,600,0x5261756D203131,0x5750,1),
 (131,4,12,3,588,332,0x417566656E7468616C74737261756D2033,0x5750,1),
 (132,4,12,3,868,326,0x5261756D203132,0x5750,1),
 (133,4,12,3,1381,926,0x4368656D6965205261756D,0x5750,1),
 (134,5,13,3,1493,1291,0x45696E67616E6720486175732032,0x5750,1),
 (135,5,13,3,1571,1456,'',0x5750,0),
 (136,5,13,3,1854,1456,'',0x5750,0),
 (137,5,13,3,2162,1464,'',0x5750,0),
 (138,5,13,3,1568,1597,0x5261756D203133,0x5750,1),
 (139,5,13,3,1856,1600,0x5261756D203134,0x5750,1),
 (140,5,13,3,2165,1606,0x5261756D203135,0x5750,1),
 (141,5,13,3,2376,1464,'',0x5750,0),
 (142,5,13,3,2387,1741,'',0x5750,0),
 (143,5,13,3,2589,1741,'',0x5750,0),
 (144,5,13,3,2595,1969,0x546F696C657474656E204861757320322045726467657363686F7373,0x5750,1),
 (145,5,13,3,2915,1732,0x4D617468656D6174696B204C61626F72,0x5750,1),
 (147,5,13,3,2381,2001,'',0x5452,0),
 (148,5,14,3,2373,1986,'',0x5452,0),
 (149,5,14,3,2584,1881,0x436F6D70757465726C61626F722032,0x5750,1),
 (150,5,14,3,2373,1888,'',0x5750,0),
 (151,5,14,3,2367,1652,'',0x5750,0),
 (152,5,14,3,2794,1655,'',0x5750,0),
 (153,5,14,3,2993,1657,'',0x5750,0),
 (154,5,14,3,2367,1464,'',0x5750,0),
 (155,5,14,3,2367,1337,0x5261756D203136,0x5750,1),
 (156,5,14,3,2154,1461,'',0x5750,0),
 (157,5,14,3,1931,1461,'',0x5750,0),
 (158,5,14,3,1724,1459,'',0x5750,0),
 (159,5,14,3,1528,1461,'',0x5750,0),
 (160,5,14,3,2154,1606,0x5261756D203137,0x5750,1),
 (161,5,14,3,1934,1332,0x5261756D203138,0x5750,1),
 (162,5,14,3,1724,1591,0x417566656E7468616C74737261756D2034,0x5750,1),
 (163,5,14,3,1528,1352,0x5261756D203139,0x5750,1),
 (164,5,14,3,1528,1600,0x546F696C657474656E204861757320322045746167652031,0x5750,1),
 (165,5,14,3,2993,1796,0x417566656E7468616C74737261756D2035,0x5750,1),
 (166,5,14,3,2797,1796,0x5261756D203230,0x5750,1),
 (167,5,15,3,2376,1989,'',0x5452,0),
 (168,5,15,3,2384,1758,'',0x5750,0),
 (169,5,15,3,2589,1764,'',0x5750,0),
 (170,5,15,3,2595,1969,0x4368656D6965204C61626F72,0x5750,1),
 (171,5,15,3,2915,1807,0x546F696C657474656E204861757320322045746167652032,0x5750,1),
 (172,5,15,3,2915,1666,0x4BC383C2BC63686520486175732032,0x5750,1),
 (173,5,15,3,2376,1424,0x436F6D70757465726C61626F722033,0x5750,1),
 (174,5,15,3,2381,1643,'',0x5750,0),
 (175,5,15,3,2084,1643,'',0x5750,0),
 (176,5,15,3,2090,1461,'',0x5750,0),
 (177,5,15,3,1871,1461,'',0x5750,0),
 (178,5,15,3,1568,1464,'',0x5750,0),
 (179,5,15,3,1871,1591,0x5261756D203231,0x5750,1),
 (180,5,15,3,1871,1337,0x5261756D203232,0x5750,1),
 (181,5,15,3,1568,1340,0x417566656E7468616C74737261756D2036,0x5750,1),
 (182,5,15,3,1571,1606,0x5261756D203233,0x5750,1);
/*!40000 ALTER TABLE `wegpunkt` ENABLE KEYS */;




/*!40101 SET SQL_MODE=@OLD_SQL_MODE */;
/*!40014 SET FOREIGN_KEY_CHECKS=@OLD_FOREIGN_KEY_CHECKS */;
/*!40014 SET UNIQUE_CHECKS=@OLD_UNIQUE_CHECKS */;
/*!40101 SET CHARACTER_SET_CLIENT=@OLD_CHARACTER_SET_CLIENT */;
/*!40101 SET CHARACTER_SET_RESULTS=@OLD_CHARACTER_SET_RESULTS */;
/*!40101 SET COLLATION_CONNECTION=@OLD_COLLATION_CONNECTION */;
/*!40101 SET CHARACTER_SET_CLIENT=@OLD_CHARACTER_SET_CLIENT */;
